,age_range,loan_amount
0,18 - 25,210416.66666666666
1,26 - 30,210614.5251396648
2,31 - 40,235404.41176470587
3,41 - 50,288394.7939262473
4,51 - 60,267047.4516695958
5,60+,293859.649122807
